agent_path	hotkey_name	hotkey_ss58	on_chain_uid	agent_uid_label	filename
/root/turtle/111/67/submission3/uid_235__artifact_3d7eb090-1b9c-48d3-a0e3-13c9da184046.py	hk-67-18	5CCfFPM8RmsnEYSMFbhj1KRcrrZr5AmUz96eVEvB236QkLaV	236	uid_235	uid_235__artifact_3d7eb090-1b9c-48d3-a0e3-13c9da184046.py
/root/turtle/111/67/submission3/uid_222__artifact_9687a8f3-460b-4ba2-8aa3-96cbaeacf99a.py	hk-67-44	5HpgTexgB7qHmiyKM7g3u8c3evxquTrcyTuMWTK7y18V699B	65	uid_222	uid_222__artifact_9687a8f3-460b-4ba2-8aa3-96cbaeacf99a.py
/root/turtle/111/67/submission3/uid_24__artifact_87dc37a3-e7e8-424d-a0f2-10dcea60fb68.py	hk-67-35	5DMKJ32gifT3UKwoVdwBGn82WvfcsiADdPVtk1ejwn2sDzDq	141	uid_24	uid_24__artifact_87dc37a3-e7e8-424d-a0f2-10dcea60fb68.py
/root/turtle/111/67/submission3/uid_56__artifact_0e74c7c7-1306-4994-bd3a-2588702971e7.py	hk-67-38	5DnTaZNrZm7QAUPYWYkFZg6EgaFACYFzDQFtxhitWYPBxpA1	88	uid_56	uid_56__artifact_0e74c7c7-1306-4994-bd3a-2588702971e7.py
/root/turtle/111/67/submission3/uid_222__artifact_704e48a4-1ef5-4050-8084-0dd02eb4f37c.py	hk-67-3	5D5fNLa5jm45zmw9gQiyzbNKdC2dowUNEos2DWUWh64ir6oz	44	uid_222	uid_222__artifact_704e48a4-1ef5-4050-8084-0dd02eb4f37c.py
/root/turtle/111/67/submission3/uid_58__artifact_21446e6d-76aa-4224-b375-3a1a2d7b37d7.py	hk-67-34	5G3sq6kRph9ViC1bSytBDd7RRoD9456f2ktJJ2Yys9dx191L	188	uid_58	uid_58__artifact_21446e6d-76aa-4224-b375-3a1a2d7b37d7.py
/root/turtle/111/67/submission3/uid_20__artifact_1878eb19-c545-4898-908c-c5d68a33106b.py	hk-67-19	5H4AgdkzMyGXHZz2MijEXp4iKLwJRGQB7w5um7ejppLTAvDw	6	uid_20	uid_20__artifact_1878eb19-c545-4898-908c-c5d68a33106b.py
/root/turtle/111/67/submission3/uid_250__artifact_2f43d220-e986-4737-942e-32b8b43c15f0.py	hk-67-45	5CJb5e9r3RPtGxsAbHh8jQ3pRkhR2QABXy9qWJYJfuFMkJ4C	20	uid_250	uid_250__artifact_2f43d220-e986-4737-942e-32b8b43c15f0.py
/root/turtle/111/67/submission3/uid_1__artifact_7a38a16d-82c7-4677-b3e4-431b412d5eea.py	hk-67-2	5FqYyerPjZHTv6ffVSUM8PVbauY4qfgW8YkEdvKqgFjMaG9H	211	uid_1	uid_1__artifact_7a38a16d-82c7-4677-b3e4-431b412d5eea.py
/root/turtle/111/67/submission3/uid_64__artifact_151ff70c-c9e6-4e8d-8111-913dcef2a059.py	hk-67-24	5FCTj2DNfMCudQw9YNkQWpgk8zBiJs8TCiWqg9t9BDPatG2z	161	uid_64	uid_64__artifact_151ff70c-c9e6-4e8d-8111-913dcef2a059.py
/root/turtle/111/67/submission3/uid_74__artifact_e831f546-809a-4c9b-b053-cf0a26a956a1.py	hk-67-37	5FjgGY9MV8RZPbfYrJUY3uqfYwZueGrBvPTNWEo4qfXhC4qg	17	uid_74	uid_74__artifact_e831f546-809a-4c9b-b053-cf0a26a956a1.py
/root/turtle/111/67/submission3/uid_190__artifact_7f43f03d-f453-454d-86f1-2ad130976d26.py	hk-67-39	5DFdZnet3LDiddZYGQ2VoMQyhc6mJvRmxPvEPXhdDrYGtVQt	109	uid_190	uid_190__artifact_7f43f03d-f453-454d-86f1-2ad130976d26.py
/root/turtle/111/67/submission3/uid_69__artifact_411c251b-8157-4998-acc8-588bb153a5fe.py	hk-67-10	5DnRmBNm9LH5jsXqzEmEd1M17padmGJrZjouN4g7wr3oWACP	129	uid_69	uid_69__artifact_411c251b-8157-4998-acc8-588bb153a5fe.py
/root/turtle/111/67/submission3/uid_252__artifact_fbdec423-190c-458c-a59d-c924198d4fbf.py	hk-67-9	5HQhD4f3XRaUm2u8hz1bzWy7A2YNAKZxfsAVKTyYZQQMfqCP	100	uid_252	uid_252__artifact_fbdec423-190c-458c-a59d-c924198d4fbf.py
/root/turtle/111/67/submission3/uid_70__artifact_a6368c12-8b17-4dc6-b8aa-f66ddb0358bc.py	hk-67-5	5HGofxdSC1fwwFdE5j3ZHpnLjPsgjSNpz8j5DXeus263aDQz	184	uid_70	uid_70__artifact_a6368c12-8b17-4dc6-b8aa-f66ddb0358bc.py
/root/turtle/111/67/submission3/uid_236__artifact_c1c34511-8da1-43d1-9398-4e0b2af60531.py	hk-67-33	5ER9h9Nh5PrcErAsamt9o2fkRY6XrDcxp6yffhUwP4VjAmpM	201	uid_236	uid_236__artifact_c1c34511-8da1-43d1-9398-4e0b2af60531.py
/root/turtle/111/67/submission3/uid_202__artifact_c0807eb8-d0af-4183-867a-58f4ffd22170.py	hk-67-30	5ELCtSSVcsxPYeFnYe7i2xwjDg3vKLgx7b4c6Cjrv9FhCvtD	98	uid_202	uid_202__artifact_c0807eb8-d0af-4183-867a-58f4ffd22170.py
/root/turtle/111/67/submission3/uid_157__artifact_429b17a4-f1c4-4187-b468-43059729d3cf.py	hk-67-7	5D9f8Ri9kcPnmCSXzs5oPhZPsXqgHALCMArrqnGSFxYhgSYL	226	uid_157	uid_157__artifact_429b17a4-f1c4-4187-b468-43059729d3cf.py
/root/turtle/111/67/submission3/uid_77__artifact_63f67b6a-bee1-4cd3-b4d7-abf2efe4e0e2.py	hk-67-16	5F9GJkXyyrX2evKHZi8vK5XbmkqvKbDD4YqL4dk73HrrMNcC	110	uid_77	uid_77__artifact_63f67b6a-bee1-4cd3-b4d7-abf2efe4e0e2.py
/root/turtle/111/67/submission3/uid_98__artifact_6ed2969e-1af6-40ab-a614-5d9564c252dc.py	hk-67-4	5DjppZuF7hF2YUjUoAb6iEVyQGVdmrJoYjJznbJGfmA9Z9Yu	235	uid_98	uid_98__artifact_6ed2969e-1af6-40ab-a614-5d9564c252dc.py
/root/turtle/111/67/submission3/uid_221__artifact_c7df74eb-e5c6-4bc7-9a19-f2002cbd940e.py	hk-67-15	5H1j52nH6fuPEeii8drWSeH1BgizCqqwh3c6uNYuLPcopiGB	49	uid_221	uid_221__artifact_c7df74eb-e5c6-4bc7-9a19-f2002cbd940e.py
/root/turtle/111/67/submission3/uid_168__artifact_32f50414-4f47-4637-9b16-ce89b64a06e2.py	hk-67-40	5F1DLMkVBjaD3HxF8UrjemCdDfiHpmuZzu4vpz4NaSuGvuWk	207	uid_168	uid_168__artifact_32f50414-4f47-4637-9b16-ce89b64a06e2.py
/root/turtle/111/67/submission3/uid_112__artifact_9e1a0cb8-a41c-435d-a3d2-6b38c9e4119b.py	hk-67-21	5DLYKSZS2L7gRrq2JatxgJn2TneUQQpsiY89LiLktk6Rn8jq	227	uid_112	uid_112__artifact_9e1a0cb8-a41c-435d-a3d2-6b38c9e4119b.py
/root/turtle/111/67/submission3/uid_22__artifact_b9238414-a290-4c6a-b000-7dfad92dacc5.py	hk-67-43	5GH8REwcYtYMupG17jgbNHQZR5zjwHxVyr9y8V6eNWKCFvyB	89	uid_22	uid_22__artifact_b9238414-a290-4c6a-b000-7dfad92dacc5.py
/root/turtle/111/67/submission3/uid_242__artifact_860e4fc6-6762-492b-8cb7-efcfbfdbb092.py	hk-67-12	5CoUkzmVw6X4Xj9zzXoA2T1ZwRXr2vimbfEQXJvdGXGx6WAg	151	uid_242	uid_242__artifact_860e4fc6-6762-492b-8cb7-efcfbfdbb092.py
/root/turtle/111/67/submission3/uid_192__artifact_b33a57be-47c0-4107-91f5-dfcdfc1cddd4.py	hk-67-36	5ETwDTUJ319p6cSKfL9U6D4Jj7aKEVRSRiYY6j7j2o48F8Ba	106	uid_192	uid_192__artifact_b33a57be-47c0-4107-91f5-dfcdfc1cddd4.py
/root/turtle/111/67/submission3/uid_149__artifact_417164a4-9cf7-4800-a5f6-acd99ef9c012.py	hk-67-14	5G9o3Qp9ibFiAduXNq9pK1AcxRQ51iVvssC5DYkfi3TWpeuG	14	uid_149	uid_149__artifact_417164a4-9cf7-4800-a5f6-acd99ef9c012.py
/root/turtle/111/67/submission3/uid_134__artifact_ed4179e3-649f-4754-9d50-acbc449027d5.py	hk-67-46	5GZKnrJjKJGmcz75j8sKEbPfxXmnLXpN4KxNZaGDEf17Sp5q	212	uid_134	uid_134__artifact_ed4179e3-649f-4754-9d50-acbc449027d5.py
/root/turtle/111/67/submission3/uid_218__artifact_81925a9f-a22f-48e1-82d3-03870d66afb9.py	hk-67-42	5EPW6pEkAPx6bryrEyFWtM3Ts4VkJwsYGcbRkvb9HMgnjWwC	157	uid_218	uid_218__artifact_81925a9f-a22f-48e1-82d3-03870d66afb9.py
/root/turtle/111/67/submission3/uid_140__artifact_c11d57a7-44a3-4c09-862b-c37eb6274842.py	hk-67-31	5CmKjd99CJJLpF79tsov5f8P6Xvarj9c7o4DijDD44pCMb55	198	uid_140	uid_140__artifact_c11d57a7-44a3-4c09-862b-c37eb6274842.py
/root/turtle/111/67/submission3/uid_186__artifact_6c1d442f-8c35-4800-9955-c17506a35757.py	hk-67-25	5HmUEZ65n5hfpoANptv8Xqx6eknnmvYbXV9ySCwwbjv5EXk9	121	uid_186	uid_186__artifact_6c1d442f-8c35-4800-9955-c17506a35757.py
/root/turtle/111/67/submission3/uid_141__artifact_10cef79c-665a-47c2-a8d2-a745c5f5bc07.py	hk-67-41	5Dt6hhZryXZWC8hGePzg3ugp8NVLqzJhgQFtwUFNMpkiRw34	86	uid_141	uid_141__artifact_10cef79c-665a-47c2-a8d2-a745c5f5bc07.py
/root/turtle/111/67/submission3/uid_194__artifact_da6c1ef9-e2e4-46da-a2d3-d6b3abc07a9e.py	hk-67-20	5CACD5ojXDGRuVjA3o15nFWhuKqM6P31nAddhTwuhQv8mai8	73	uid_194	uid_194__artifact_da6c1ef9-e2e4-46da-a2d3-d6b3abc07a9e.py
/root/turtle/111/67/submission3/uid_108__artifact_06a899be-db8c-40b6-be13-e7d18ec5c208.py	hk-67-27	5Gdqiqa2Kj93tAcTPYaWgjbWGyi3FYZ38N4NjTdQ9vYhkVjG	202	uid_108	uid_108__artifact_06a899be-db8c-40b6-be13-e7d18ec5c208.py
/root/turtle/111/67/submission3/uid_4__artifact_56bf1d1c-837c-4e2b-931a-ecb7828f6374.py	hk-67-47	5CJp3wFjdwSUAWaCxLpXeFRNazTuULCe3yyReSntczSh94xN	67	uid_4	uid_4__artifact_56bf1d1c-837c-4e2b-931a-ecb7828f6374.py
/root/turtle/111/67/submission3/uid_111__artifact_aa2a246f-3894-4f6e-a4ae-619890fbb723.py	hk-67-29	5H99Nf9CwEWz5Mp91V3WBfnXimq9GyVhQz3QkxJxShpoRLbw	249	uid_111	uid_111__artifact_aa2a246f-3894-4f6e-a4ae-619890fbb723.py
