agent_path	hotkey_name	filename	agent_uid_label	hotkey_ss58	on_chain_uid	wallet_name	netuid
/root/turtle/111/67/submission4+/uid_165__artifact_4f0e0431-dc99-4b7d-9f6c-28a61ded73f0.py	hk-67-30	uid_165__artifact_4f0e0431-dc99-4b7d-9f6c-28a61ded73f0.py	uid_165	5ELCtSSVcsxPYeFnYe7i2xwjDg3vKLgx7b4c6Cjrv9FhCvtD	98	money	67
/root/turtle/111/67/submission4+/uid_143__artifact_56a804db-1882-47ca-bf19-c7e97b5f33dd.py	hk-67-40	uid_143__artifact_56a804db-1882-47ca-bf19-c7e97b5f33dd.py	uid_143	5F1DLMkVBjaD3HxF8UrjemCdDfiHpmuZzu4vpz4NaSuGvuWk	207	money	67
/root/turtle/111/67/submission4+/uid_249__artifact_85222908-f2f4-4087-b7a1-0150ddff3d73.py	hk-67-47	uid_249__artifact_85222908-f2f4-4087-b7a1-0150ddff3d73.py	uid_249	5CJp3wFjdwSUAWaCxLpXeFRNazTuULCe3yyReSntczSh94xN	67	money	67
/root/turtle/111/67/submission4+/uid_65__artifact_6ee15e0c-c177-418a-86ea-409de8e8e80d.py	hk-67-37	uid_65__artifact_6ee15e0c-c177-418a-86ea-409de8e8e80d.py	uid_65	5FjgGY9MV8RZPbfYrJUY3uqfYwZueGrBvPTNWEo4qfXhC4qg	17	money	67
/root/turtle/111/67/submission4+/uid_108__artifact_efff9f12-e877-4934-8cae-9497dc5b9c58.py	hk-67-44	uid_108__artifact_efff9f12-e877-4934-8cae-9497dc5b9c58.py	uid_108	5HpgTexgB7qHmiyKM7g3u8c3evxquTrcyTuMWTK7y18V699B	65	money	67
/root/turtle/111/67/submission4+/uid_201__artifact_c6101751-25f3-4673-ada2-81a740c3b083.py	hk-67-1	uid_201__artifact_c6101751-25f3-4673-ada2-81a740c3b083.py	uid_201	5FFLF6CgQgeDn6bgzFGF2FHMecfCA5gEGQNKZQkDc5AwypZU	43	money	67
/root/turtle/111/67/submission4+/uid_123__artifact_bbd01233-99d1-4692-9c36-5e63c48b4758.py	hk-67-33	uid_123__artifact_bbd01233-99d1-4692-9c36-5e63c48b4758.py	uid_123	5ER9h9Nh5PrcErAsamt9o2fkRY6XrDcxp6yffhUwP4VjAmpM	201	money	67
/root/turtle/111/67/submission4+/uid_77__artifact_f3545267-9283-489c-9907-d67ba562bdef.py	hk-67-42	uid_77__artifact_f3545267-9283-489c-9907-d67ba562bdef.py	uid_77	5EPW6pEkAPx6bryrEyFWtM3Ts4VkJwsYGcbRkvb9HMgnjWwC	157	money	67
/root/turtle/111/67/submission4+/uid_76__artifact_e6177f66-99e4-4f1b-8d37-c7515b7b8e53.py	hk-67-39	uid_76__artifact_e6177f66-99e4-4f1b-8d37-c7515b7b8e53.py	uid_76	5DFdZnet3LDiddZYGQ2VoMQyhc6mJvRmxPvEPXhdDrYGtVQt	109	money	67
/root/turtle/111/67/submission4+/uid_74__artifact_ad441be8-a094-4ea3-bc27-68c5f9be4c63.py	hk-67-29	uid_74__artifact_ad441be8-a094-4ea3-bc27-68c5f9be4c63.py	uid_74	5H99Nf9CwEWz5Mp91V3WBfnXimq9GyVhQz3QkxJxShpoRLbw	249	money	67
/root/turtle/111/67/submission4+/uid_186__artifact_a7045f3e-bcc0-4e0f-b109-cd1911b12d9f.py	hk-67-35	uid_186__artifact_a7045f3e-bcc0-4e0f-b109-cd1911b12d9f.py	uid_186	5DMKJ32gifT3UKwoVdwBGn82WvfcsiADdPVtk1ejwn2sDzDq	141	money	67
/root/turtle/111/67/submission4+/uid_115__artifact_5298958f-90ca-454e-9ca6-00fab3eccadb.py	hk-67-36	uid_115__artifact_5298958f-90ca-454e-9ca6-00fab3eccadb.py	uid_115	5ETwDTUJ319p6cSKfL9U6D4Jj7aKEVRSRiYY6j7j2o48F8Ba	106	money	67
/root/turtle/111/67/submission4+/uid_121__artifact_915c8a5b-40ea-48d5-b21d-f29c0579479d.py	hk-67-46	uid_121__artifact_915c8a5b-40ea-48d5-b21d-f29c0579479d.py	uid_121	5GZKnrJjKJGmcz75j8sKEbPfxXmnLXpN4KxNZaGDEf17Sp5q	212	money	67
/root/turtle/111/67/submission4+/uid_152__artifact_bdd7f4c7-f44d-4d5b-b717-25370f7738d0.py	hk-67-43	uid_152__artifact_bdd7f4c7-f44d-4d5b-b717-25370f7738d0.py	uid_152	5GH8REwcYtYMupG17jgbNHQZR5zjwHxVyr9y8V6eNWKCFvyB	89	money	67
/root/turtle/111/67/submission4+/uid_240__artifact_92b5516b-cd4b-4d0c-b20c-1df020745ba6.py	hk-67-7	uid_240__artifact_92b5516b-cd4b-4d0c-b20c-1df020745ba6.py	uid_240	5D9f8Ri9kcPnmCSXzs5oPhZPsXqgHALCMArrqnGSFxYhgSYL	226	money	67
/root/turtle/111/67/submission4+/uid_204__artifact_a90d50b2-bb15-4c9e-b4a4-f8577bf9d682.py	hk-67-25	uid_204__artifact_a90d50b2-bb15-4c9e-b4a4-f8577bf9d682.py	uid_204	5HmUEZ65n5hfpoANptv8Xqx6eknnmvYbXV9ySCwwbjv5EXk9	121	money	67
/root/turtle/111/67/submission4+/uid_37__artifact_05878d29-d351-4b90-bd82-41a462fdf51b.py	hk-67-31	uid_37__artifact_05878d29-d351-4b90-bd82-41a462fdf51b.py	uid_37	5CmKjd99CJJLpF79tsov5f8P6Xvarj9c7o4DijDD44pCMb55	198	money	67
/root/turtle/111/67/submission4+/uid_26__artifact_54522fc8-7d79-4d82-a64f-ff1bc4040fc7.py	hk-67-5	uid_26__artifact_54522fc8-7d79-4d82-a64f-ff1bc4040fc7.py	uid_26	5HGofxdSC1fwwFdE5j3ZHpnLjPsgjSNpz8j5DXeus263aDQz	184	money	67
/root/turtle/111/67/submission4+/uid_93__artifact_29fafb70-10fa-49e4-86d8-564c2314b14a.py	hk-67-13	uid_93__artifact_29fafb70-10fa-49e4-86d8-564c2314b14a.py	uid_93	5CSzbYHqHWignpNDpepZjQ29Sg3AXdWyTa3Kq5wNDZhkvbrK	73	money	67
/root/turtle/111/67/submission4+/uid_63__artifact_cae19514-53e6-4409-bad8-7e16c9db3cfe.py	hk-67-11	uid_63__artifact_cae19514-53e6-4409-bad8-7e16c9db3cfe.py	uid_63	5GWH1rMxPzvwSLV3wZimQt2iMek8JeGNTtoXjs7Wv7uiXgmn	239	money	67
/root/turtle/111/67/submission4+/uid_98__artifact_1b4640d2-ff63-44b2-a0fb-9307a77504bc.py	hk-67-45	uid_98__artifact_1b4640d2-ff63-44b2-a0fb-9307a77504bc.py	uid_98	5CJb5e9r3RPtGxsAbHh8jQ3pRkhR2QABXy9qWJYJfuFMkJ4C	20	money	67
/root/turtle/111/67/submission4+/uid_162__artifact_e3d6cdaa-c7c4-4b26-9cb5-17bd6dbc02cb.py	hk-67-41	uid_162__artifact_e3d6cdaa-c7c4-4b26-9cb5-17bd6dbc02cb.py	uid_162	5Dt6hhZryXZWC8hGePzg3ugp8NVLqzJhgQFtwUFNMpkiRw34	86	money	67
/root/turtle/111/67/submission4+/uid_190__artifact_f4970086-8e8b-4f1b-8348-d3d631a2c0a5.py	hk-67-9	uid_190__artifact_f4970086-8e8b-4f1b-8348-d3d631a2c0a5.py	uid_190	5HQhD4f3XRaUm2u8hz1bzWy7A2YNAKZxfsAVKTyYZQQMfqCP	100	money	67
/root/turtle/111/67/submission4+/uid_196__artifact_215ea1bb-db3e-486d-acaf-92b53ce7f02e.py	hk-67-34	uid_196__artifact_215ea1bb-db3e-486d-acaf-92b53ce7f02e.py	uid_196	5G3sq6kRph9ViC1bSytBDd7RRoD9456f2ktJJ2Yys9dx191L	188	money	67
